Name,Description,Icon,Price,Category,Link,GameCharImage
Palworld Character Leveling,"Selected level character;
Multiple additional rewards (guns, items, etc.);
Streaming if requested.
The leveling process in Palworld may be a really long and tiresome journey. Especially if you need to hit that max level as fast as possible. This is in no way an easy task, so why waste your precious time while you can get our professional help?
Let the professionals do all the boring grind for you!
The safety of your account during the boost is 100% guaranteed.
All our pro-players are professionals with years of experience in the market. They always use premium VPN and follow strict anonymity rules designed to protect your account’s information.
This is the fastest way to level up your character in Palworld!",,"1,62 €",Powerleveling,https://skycoach.gg/palworld-boost/powerleveling,https://skycoach.gg/storage/uploads/products/palworld-character-leveling1706465674_picture_item.png
Palworld Pals Leveling,"Selected level Pal;
Multiple additional rewards (guns, items, etc.);
Streaming if requested.
Pals leveling process in
Palworld
game mode
may be a really long and tiresome journey. Especially if you need to hit that max level as fast as possible. This is in no way an easy task, so, why waste your precious time, while you can get our professional help?
Let the professionals do all the boring grind for you!
The safety of your account during the boost is 100% guaranteed.
All our pro-players are professionals with years of experience on the market. They always use premium VPN and follow strict anonymity rules designed to protect your account’s information.
This is the fastest way to level up your Pals in Palworld!",,"2,18 €",Powerleveling,https://skycoach.gg/palworld-boost/powerleveling,https://skycoach.gg/storage/uploads/products/palworld-pals-leveling1705621846_picture_item.png
Palworld Tower of the Rayne Syndicate Boost,"Tower of the Rayne Syndicate
completed on Normal or Hard mode;
Zoe & Grizzbolt
boss defeated;
Streaming if requested.",,"4,49 €",Towers,https://skycoach.gg/palworld-boost/towers,https://skycoach.gg/storage/uploads/products/palworld-tower-of-the-rayne-syndicate-boost1705798637_picture_item.png
Palworld Tower of the Brothers of the Eternal Pyre Boost,"Tower of the Brothers of the Eternal Pyre
completed on Normal or Hard mode;
Axel & Oserk
boss defeated;
Streaming if requested.",,"8,99 €",Towers,https://skycoach.gg/palworld-boost/towers,https://skycoach.gg/storage/uploads/products/palworld-tower-of-the-brothers-of-the-eternal-pyre-boost1706465532_picture_item.png
Palworld Xenolord Raid Boost,"Buy Palworld Xenolord Raid Boost to defeat this challenging Raid-boss from the Feybreak Update, obtain lots of essential top-tier loot, and earn the raid-boss-killer fame. Xenolord is one of the hardest Bosses in the Palworld, so killing it will take a lot of game knowledge, flawless skills, hours of time, and the best Gear possessed; that turns the Raid Boss kill into a very challenging task. However, Skycoach's best PROs are ready for any challenge, even like this. Don't wait and get our fair-priced Xenolord  Raid carry to experience the satisfaction of Skycoach's high-quality services!
You will obtain:
Xenolord Raid Boss killed;
Plenty of valuable rewards;
Best-in-Slot gear;
All other loot and resources dropped during the service completion.",,"369,99 €",Towers,https://skycoach.gg/palworld-boost/towers,https://skycoach.gg/storage/uploads/products/palworld-xenolord-raid-boost1735267721_picture_item.png
Palworld Tower of the PIDF Boost,"Tower of the PIDF
completed on Normal or Hard mode;
Marcus & Falaeris
boss defeated;
Streaming if requested.",,"6,99 €",Towers,https://skycoach.gg/palworld-boost/towers,https://skycoach.gg/storage/uploads/products/palworld-tower-of-the-pidf-boost1706465576_picture_item.png
Blazamut Ryu Raid Boost,"Buy Palworld Blazamat Ryu Raid Boost to defeat the new Raid-boss from the Sakurajima Update, obtain lots of essential top-tier loot, and earn the raid-boss-killer fame. Blazamat Ryu is one of the hardest Bosses in the Palworld, so killing it will take a lot of game knowledge, flawless skills, hours of time, and the best Gear possessed; that turns the Raid Boss kill into a very challenging task. However, Skycoach's best PROs are ready for any challenge, even like this. Don't wait and get our fair-priced Blazamat Ryu Raid carry to experience the satisfaction of Skycoach's high-quality services!
You will obtain:
Blazamat Ryu Raid Boss killed;
Huge Dragon Egg (Blazamut Ryu);
Blazamut Ryu (Ultra) Slab;
Precious Claw;
Coal;
Diamond;
Life Lotus (L);
Speed Lotus (L);
and much more!",,"274,99 €",Towers,https://skycoach.gg/palworld-boost/towers,https://skycoach.gg/storage/uploads/products/blazamut-ryu-raid-boost1719823743_picture_item.png
Lifmunk Effigy Capture Leveling,"Selected
Lifmunk Effigies
level;
Multiple additional rewards (guns, items, etc.);
Streaming if requested.
Lifmunk Effigies
serve as the gateway to unlocking exceptional potential within Palworld. Utilizing Lifmunk Effigies to enhance your Capture Rate provides a significant advantage, facilitating the effortless capture of Rare and Stronger Pals. As you advance in the game, a heightened Capture Rate becomes essential, especially in later stages where Legendary Pal Spheres are at stake.
Lifmunk Effigies levels will provide the following Capture Rate increase:
Level 1 - 1 Effigy 14% Capture Rate Increase;
Level 2 - 4 Effigies 16% Capture Rate Increase;
Level 3 - 7 Effigies 18% Capture Rate Increase;
Level 4 - 11 Effigies 20% Capture Rate Increase;
Level 5 - 15 Effigies 22% Capture Rate Increase;
Level 6 - 19 Effigies 25% Capture Rate Increase;
Level 7 - 23 Effigies 27% Capture Rate Increase;
Level 8 - 27 Effigies 30% Capture Rate Increase;
Level 9 - 31 Effigies 33% Capture Rate Increase;
Level 10 - 35 Effigies 37% Capture Rate Increase.
The safety of your account during the boost is 100% guaranteed.
All our pro-players are professionals with years of experience on the market. They always use premium VPN and follow strict anonymity rules designed to protect your account’s information.
This is the fastest way to level up your character in Palworld!",,"5,17 €",Powerleveling,https://skycoach.gg/palworld-boost/powerleveling,https://skycoach.gg/storage/uploads/products/lifmunk-effigy-capture-leveling1735023110_picture_item.png
Palworld Tower of the Free Pal Alliance Boost,"Buy Palworld Tower of the Free Pal Alliance Boost on our platform now and receive:
Tower of the Free Pal Alliance completed on Normal or Hard mode;
Lily & Lyleen boss defeated;
Streaming if requested.
Our Palworld Tower of the Free Pal Alliance carry is the best way to complete this challenging activity.",,"5,99 €",Towers,https://skycoach.gg/palworld-boost/towers,https://skycoach.gg/storage/uploads/products/palworld-tower-of-the-free-pal-alliance-boost1705798666_picture_item.png
Palworld Tower of the PAL Genetic Research Unit Boost,"Tower of the PAL Genetic Research Unit
completed on Normal or Hard mode;
Victor & Shadowbeak
boss defeated;
Streaming if requested.",,"10,99 €",Towers,https://skycoach.gg/palworld-boost/towers,https://skycoach.gg/storage/uploads/products/palworld-tower-of-the-pal-genetic-research-unit-boost1706465650_picture_item.png
Palworld Base Leveling,"Selected level Base;
Multiple additional rewards (guns, items, etc.);
Streaming if requested.
Base leveling process in Palworld game mode may be a really long and tiresome journey. Especially if you need to hit that max level as fast as possible. This is in no way an easy task, so, why waste your precious time, while you can get our professional help?
Let the professionals do all the boring grind for you!
The safety of your account during the boost is 100% guaranteed.
All our pro-players are professionals with years of experience on the market. They always use premium VPN and follow strict anonymity rules designed to protect your account’s information.
This is the fastest way to level up your Base in Palworld!",,"1,43 €",Powerleveling,https://skycoach.gg/palworld-boost/powerleveling,https://skycoach.gg/storage/uploads/products/palworld-base-leveling1705695844_picture_item.png
Palworld Platform Oil Rig Stronghold Boost,"Buy Palworld Platform Oil Rig Stronghold Boost and get all the rewards from this challenging Stronghold in no time! With our professional player no challenge in to game is goind to stop you!
You will obtain:
Platform Oil Rig Stronghold completed;
Plenty of valuable rewards;
All other loot and resources dropped during the service completion.",,"189,99 €",Towers,https://skycoach.gg/palworld-boost/towers,https://skycoach.gg/storage/uploads/products/palworld-platform-oil-rig-stronghold-boost1735267741_picture_item.png
Palworld Barge Oil Rig Stronghold Boost,"Buy Palworld Barge Oil Rig Stronghold Boost and get all the rewards from this challenging Stronghold in no time! With our professional player no challenge in to game is goind to stop you!
You will obtain:
Barge Oil Rig Stronghold completed;
Plenty of valuable rewards;
All other loot and resources dropped during the service completion.",,"89,99 €",Towers,https://skycoach.gg/palworld-boost/towers,https://skycoach.gg/storage/uploads/products/barge-oil-rig-stronghold-boost1735013124_picture_item.png
Palworld The Attack Chopper Kill Boost,"Buy Palworld The Attack Chopper Kill Boost to defeat this powerful enemy with ease! With our professional team no obstacle in the game is gonna be a stop for you! Contact us now and get started!
You will obtain:
The Attack Chopper Boss killed;
Plenty of valuable rewards;
All other loot and resources dropped during the service completion.",,"89,99 €",Towers,https://skycoach.gg/palworld-boost/towers,https://skycoach.gg/storage/uploads/products/the-attack-chopper-kill-boost1735015891_picture_item.png
Palworld Hourly Driving,"Our professional players will do any in-game task for selected amount of hours;
Plenty of valuable rewards, depending on what exactly you request;
Streaming if requested.
Get o
ur Palworld Hourly Driving boost an
d have our booster handle all your daily tasks seamlessly. Whether it's farming, grinding, Pals completion, base leveling, or engaging in local activities, just inform us of your requirements. This service is perfect for unique requests not listed on our website. Simply buy the desired number of hours, share your specific instructions, and leave the rest to us while you enjoy your leisure time stress-free!
Let our professional players do all the hard work for you, so you can actually enjoy the game.",,"10,99 €",Farming,https://skycoach.gg/palworld-boost/farming,https://skycoach.gg/storage/uploads/products/palworld-hourly-driving1705673577_picture_item.png
Palworld Bosses,"Buy Palworld Bosses Boost on our platform now and receive:
The selected Bosses destroyed completed on Normal or Hard mode;
Some Ancient Technology points.
Eliminating a Palworld boss for the first time nets you Ancient Technology points, which are invaluable for expanding your Palworld base. Opt for our Palworld Bosses carry now and get started!",,"4,49 €",Farming,https://skycoach.gg/palworld-boost/farming,https://skycoach.gg/storage/uploads/products/palworld-bosses1705798525_picture_item.png
Palworld Paldium Fragments,"Selected amount of
Paldium Fragments;
Incredibly valuable crafting material;
Streaming if requested.
These small, azure fragments hold immense value in Palworld, serving as essential resources for crafting and enhancing items, structures, weapons, Pal Spheres, and various other components. With our help you can get as many of this crafting material as you want quickly, safely, and for a reasonable price.",,"8,99 €",Farming,https://skycoach.gg/palworld-boost/farming,https://skycoach.gg/storage/uploads/products/palworld-paldium-fragments1705695910_picture_item.png
Palworld Predator Cores Farm,"Buy Palworld Predator Cores Farm service on our platform now and receive:
Selected amount of
Predator Cores;
Plenty of Predator Pals defeated (depending on the selected Predator Cores amount);
Access to top-tier crafting;
Streaming if requested.
Our Palworld Predator Cores Farming carry is the fastest way to receive as many of this valuable currency as you need. Contact us now and get started.",,"8,99 €",Farming,https://skycoach.gg/palworld-boost/farming,https://skycoach.gg/storage/uploads/products/palworld-predator-cores-farm1735267760_picture_item.png
Palworld Dungeons Boost,"Selected amount of
Palworld dungeons
completed;
Tons of valuable rewards.
Get our
Palworld Dungeons Boost
to quickly fight your way through any dungeon in the game and affortlessly reap all those cool rewards, such as powerful Pals, crafting materials, weapons, and more.",,"4,49 €",Farming,https://skycoach.gg/palworld-boost/farming,https://skycoach.gg/storage/uploads/products/palworld-dungeons-boost1708932416_picture_item.png
Palworld Resources Farming,"Selected amount of
Palworld resources;
Valuable crafting materials;
Streaming if requested.
Similar to many open-world survival games, Palworld necessitates activities such as construction, cooking, and assigning your endearing Pals to labor on the assembly line. To manufacture firearms, cultivate crops, and engage in Pal breeding, you must gather the most essential natural resources available. This service is designed to help you get as many of thesee resources as you need quickly, safely, and for a reasonable price.
This service includes new Oil Crudes and Dog Coins available to get! Buy cheap Palworld Resources service and obtain everything you need effortlessly!",,"1,80 €",Farming,https://skycoach.gg/palworld-boost/farming,https://skycoach.gg/storage/uploads/products/palworld-resources-farming1706465788_picture_item.png
Palworld Alpha Pals,"The selected Alpha Pals killed or captured;
A chance for some Ancient Technology points;
A chance for some Ancient Civilization Parts;
Alpha Pals can be found in specific Palworld map locations, either roaming free in the open world or at the end of dungeons.",,"1,86 €",Pals,https://skycoach.gg/palworld-boost/pals,https://skycoach.gg/storage/uploads/products/palworld-alpha-pals1705798487_picture_item.png
4 Legendary Pals Bundle,"4 Legendary Pals:
+Frostallion
+Jetragon
+Necramus
+Paladius
All other loot and resources dropped during the service completion.
Ge
t our 4 Legendary Pals Bundle to receive all four incredibly
powerful Legendary Pals!",,"22,99 €",Pals,https://skycoach.gg/palworld-boost/pals,https://skycoach.gg/storage/uploads/products/4-legendary-pals-bundle1735024075_picture_item.png
Palworld Pals Collecting,"The selected amount of different Pals collected;
Guaranteed additions to your Paldeck;
Pals can be used in the wilderness for certain activities.
• Traveling: Many pals can be mounted to travel around the world. Some of them can fly and/or swim as well.
• Breaking large rocks: Some pals can break rocks and harvest minerals.
• Mining: Pals can use pickaxes to mine ores.",,"1,00 €",Pals,https://skycoach.gg/palworld-boost/pals,https://skycoach.gg/storage/uploads/products/palworld-pals-collecting1705798556_picture_item.png
Palworld Shiny Pals Farming,"The selected Shiny Pals killed or captured;
Ancient Technology points;
A chance for some Ancient Civilization Parts;
Get the rarest Pals in abundance through our Palworld Shiny Pals Farming services. Choose the specific Pals you desire, specify the quantity, and let our expert teams take care of the search and capture on your behalf.
Kick back, unwind, and return to your account with the assurance of unlocking any Ancient technology you were aiming for!",,"9,19 €",Pals,https://skycoach.gg/palworld-boost/pals,https://skycoach.gg/storage/uploads/products/palworld-shiny-pals-farming1706465751_picture_item.png
Palworld Eggs Collecting,"The selected amount of
Eggs
collected;
Random
Pal
from every Egg;
To hatch an egg you’ll need to craft an Egg Incubator. It can be unlocked with Ancient Technology Points when you reach Level 7.",,"25,01 €",Pals,https://skycoach.gg/palworld-boost/pals,https://skycoach.gg/storage/uploads/products/palworld-eggs-collecting1705798587_picture_item.png
